カテゴリ,社名・店名,住所,電話番号
アパート・マンション,エイブル㈱春日原店,春日市春日原北3-23-1F,092-574-3131
アパート・マンション,エイブル㈱姪浜店,福岡市西区姪の浜4-22-15-1F,092-891-2330
アパート・マンション,エイブル㈱二日市店,筑紫野市二日市北1-14-16,092-928-6331
アパート・マンション,王丸商店㈲,福岡市東区箱崎3-8-24-801,092-641-7973
アパート・マンション,小倉商事㈲,福岡市東区馬出2-3-38,092-651-6160
アパート・マンション,KOM㈱,福岡市東区多の津5-48-3,092-621-8732
アパート・マンション,コープ野村香椎駅東,福岡市東区香椎2-14-15,092-672-8324
アパート・マンション,サンライフ香椎管理室,福岡市東区千早5-4-3-B-1F,092-661-0031
アパート・マンション,JYUKEN㈱,福岡市東区松香台2-1-35,092-672-4848
アパート・マンション,崇徳商事㈲,福岡市東区香椎1-2-25-602,092-682-5006
アパート・マンション,鈴木不動産㈱,福岡市東区箱崎3-8-1,092-631-3144
アパート・マンション,スタシオン海の中道Ⅲ管理室,福岡市東区奈多1-2-7-3,092-606-9130
アパート・マンション,積水ハウス㈱福岡マンション事業部グランドメゾンデザインセンター,福岡市中央区警固2-1-20,0120-143377
アパート・マンション,ドッとあーる賃貸南福岡店,福岡市博多区元町1-7-10-1F,0120-784762
アパート・マンション,ビレッジハウス香椎浜,福岡市東区香椎浜4-8-1,092-673-4122
アパート・マンション,ビレッジハウス上和白,福岡市東区和白東1-18,092-606-7566
アパート・マンション,フェスティオ和白パームガーデン管理室,福岡市東区和白東1-19-1-1F,092-606-9791
アパート・マンション,丸善アパート,福岡市東区筥松3-9-42,092-611-3597
アパート・マンション,安川第二ビル,福岡市東区馬出1-15-33,092-651-2302
アパート・マンション,吉山地所㈲,福岡市東区馬出6-9-13,092-621-1213
アパート・マンション,アソシエ中尾,福岡市南区中尾3-9-12,092-403-6090
アパート・マンション,エイブル㈱大橋店,福岡市南区大橋1-10-14-1F,092-561-1301
アパート・マンション,キートス,福岡市南区野多目3-1-4,092-555-2187
アパート・マンション,グリーンマンション野間,福岡市南区野間4-1-35-1F,092-512-2131
アパート・マンション,クレストコーポレーション㈲,福岡市南区五十川2-9-28,092-571-7263
アパート・マンション,コープ野村大橋管理組合,福岡市南区向野2-14-7-1F,092-512-2061
アパート・マンション,コスモ長丘パークフォルム管理事務室,福岡市南区長丘2-13-13,092-552-8838
アパート・マンション,篠隈ビル,福岡市南区西長住1-12-35-101,092-541-6191
アパート・マンション,積水ハウス㈱福岡マンション事業部グランドメゾンデザインセンター,福岡市中央区警固2-1-20,0120-143377
アパート・マンション,ゼンコー㈲,福岡市南区大橋4-29-12-701,092-561-9050
アパート・マンション,高宮グリーンハイツ管理人室,福岡市南区高宮5-15-25,092-531-6931
アパート・マンション,武一興産㈱,福岡市南区向新1-11-21,092-511-5335
アパート・マンション,玉川ビル㈲,福岡市南区清水1-24-18-206,092-551-2323
アパート・マンション,トーノ㈱,福岡市南区大橋1-14-5,092-551-7000
アパート・マンション,ドッとあーる賃貸井尻店,福岡市南区井尻3-10-12-1F,0120-784759
アパート・マンション,ドッとあーる賃貸南福岡店,福岡市博多区元町1-7-10-1F,0120-784762
アパート・マンション,長丘コーポ管理室,福岡市南区長丘2-20-1,092-551-2220
アパート・マンション,ビレッジハウス桧原,福岡市南区桧原5-22,092-565-1626
アパート・マンション,ビレッジハウス的場,福岡市南区的場2-8,092-585-2188
アパート・マンション,福徳興産㈱,福岡市南区大橋2-1-16-1-201,092-511-0191
アパート・マンション,森藤不動産管理㈲,福岡市南区向野2-14-1-2F,092-511-4759
アパート・マンション,レジデンス高宮管理組合,福岡市南区高宮2-6-15-2F,092-531-8596
アパート・マンション,エイブル㈱西新店,福岡市早良区西新4-9-37-1F,092-851-8223
アパート・マンション,エイブル㈱香椎駅前店,福岡市東区香椎駅前1-13-25-1F,092-672-3322
アパート・マンション,エイブル㈱春日原店,春日市春日原北3-23-1F,092-574-3131
アパート・マンション,エイブル㈱二日市店,筑紫野市二日市北1-14-16,092-928-6331
アパート・マンション,新日本ビルディング㈱,福岡市早良区西新1-9-23,092-823-3630
アパート・マンション,積水ハウス㈱福岡マンション事業部グランドメゾンデザインセンター,福岡市中央区警固2-1-20,0120-143377
アパート・マンション,せふりの風,福岡市早良区東入部6-11-48,092-804-2628
アパート・マンション,ドッとあーる賃貸南福岡店,福岡市博多区元町1-7-10-1F,0120-784762
アパート・マンション,パラッシオ西新管理人室,福岡市早良区西新2-12-24,092-821-8501
アパート・マンション,ビレッジハウス野芥,福岡市早良区野芥7-24-1,092-801-0536
アパート・マンション,マンションさわらⅡ管理人室,福岡市早良区室見4-1-8,092-845-0916
アパート・マンション,館エレガンス室見㈱,福岡市早良区小田部1-20-2,092-851-2231
アパート・マンション,ラブ不動産,福岡市早良区城西2-10-44-101,092-833-8756
アパート・マンション,池見商会㈲,福岡市西区拾六3-8-12,092-891-5686
アパート・マンション,岩本ビル,福岡市西区愛宕2-19-37,092-881-0010
アパート・マンション,エイブル㈱姪浜店,福岡市西区姪の浜4-22-15-1F,092-891-2330
アパート・マンション,エクセレント西納㈱,福岡市西区石丸3-25-25,092-891-2183
アパート・マンション,emotion髙不動産,福岡市西区横浜3-9-3,092-806-6001
アパート・マンション,海津商事㈱,福岡市西区拾六5-14-15,092-881-2398
アパート・マンション,髙武正和,福岡市西区横浜3-9-3,092-806-6001
アパート・マンション,コープ野村東姪浜管理組合,福岡市西区姪の浜1-10-1-1F,092-882-8270
アパート・マンション,コープ野村姪浜管理組合,福岡市西区愛宕1-25-1,092-882-0097
アパート・マンション,泰仙㈱,福岡市西区下山門4-14-53,092-882-0001
アパート・マンション,東建コーポレーション㈱福岡支店,福岡市西区上山門3-17-7,092-894-1500
アパート・マンション,徳安ビル㈲,福岡市西区愛宕2-5-47,092-881-1845
アパート・マンション,トライティ㈲,福岡市西区姪浜駅南1-5-7-201,092-400-5354
アパート・マンション,西中洲㈱,福岡市西区西の丘2-22-4,092-885-0700
アパート・マンション,日本幸協㈱本社,福岡市西区愛宕3-16-63,092-882-1175
アパート・マンション,日本ハウス㈱福岡営業所,福岡市西区元浜1-29-3-1F,092-807-6622
アパート・マンション,のむら姪浜ヒルズ管理組合,福岡市西区姪の浜2-7-1-1F,092-883-3703
アパート・マンション,ビレッジハウス今宿,福岡市西区横浜2-5-5,092-807-0223
アパート・マンション,ビレッジハウス姪浜,福岡市西区内浜1-17-1,092-891-3160
アパート・マンション,ヘルスケアさわら,福岡市西区愛宕4-24-24,092-882-2000
アパート・マンション,モックファースト㈲,福岡市西区今宿3-40-27,092-807-4300
アパート・マンション,ユニゾンエバー(合同会社),福岡市西区西の丘2-9-8,092-885-0707
アパート・マンション,旭土地建物㈱,福岡市城南区七隈8-7-42-2F,092-861-0054
アパート・マンション,エスオー㈱,福岡市城南区別府5-25-18,092-852-2034
アパート・マンション,オプスセンエイ,福岡市城南区茶山1-9-14,092-843-9674
アパート・マンション,コスモ長尾リバーフォルム管理事務所,福岡市城南区長尾3-22-24,092-531-5058
アパート・マンション,T—MAN㈲,福岡市城南区堤1-17-7,092-400-5570
アパート・マンション,ハーモニーハウス,福岡市城南区七隈2-7-17,092-871-7951
アパート・マンション,ビレッジハウス古賀,古賀市花見東3-7,092-942-2523
アパート・マンション,シティリゾート福間海岸通り,福津市西福間3-29-18-1F,0940-42-2998
アパート・マンション,パークハウス福間管理事務所,福津市中央1-16-6,0940-43-8944
アパート・マンション,小田マンション管理士事務所,宗像市東郷1-5-1,0940-37-0734
アパート・マンション,城山ハイツ,宗像市石丸2-14-2,0940-33-6977
アパート・マンション,ドメールM,宗像市赤間駅前1-9-1,0940-32-7666
アパート・マンション,ビレッジハウス宗像,宗像市自由ヶ丘2-898-6,0940-32-3833
アパート・マンション,MJR原町管理人室,糟屋郡粕屋町若宮1-11-8,092-939-5206
アパート・マンション,明興地建㈲,糟屋郡粕屋町駕与丁3-1-15,092-938-1079
アパート・マンション,OFFICE510㈱,糟屋郡篠栗町篠栗中央3-1-31,092-410-4718
アパート・マンション,三和地所㈱,糟屋郡新宮町三代929-7-3,092-940-6055
アパート・マンション,東建コーポレーション㈱東福岡支店,糟屋郡新宮町新宮東2-16-11,092-941-5200
アパート・マンション,サイエンス福岡㈱,大野城市中央2-3-14-101,092-502-2331
アパート・マンション,光ビル事務所,大野城市上大利2-13-12,092-596-0054
アパート・マンション,エイブル㈱二日市店,筑紫野市二日市北1-14-16,092-928-6331
アパート・マンション,オクゼン不動産㈱つくし店,筑紫野市二日市北1-17-1,092-918-2050
アパート・マンション,筑紫油脂工業㈱,筑紫野市針摺西1-3-28,092-922-2304
アパート・マンション,筑宝ビル,筑紫野市二日市北1-18-6-2F,092-924-2400
アパート・マンション,西鉄不動産㈱西鉄の賃貸二日市店,筑紫野市二日市中央4-12-17,092-921-8303
アパート・マンション,宝満ヴィラ美しが丘,筑紫野市美しが丘南3-4-7,092-927-1006
アパート・マンション,エイブル㈱春日原店,春日市春日原北3-23-1F,092-574-3131
アパート・マンション,オクゼン不動産㈱,春日市春日原北2-20-7-2F,092-591-8668
アパート・マンション,オクゼン不動産㈱ 売買課,春日市春日原北2-20-9-1F,092-591-8669
アパート・マンション,オクゼン不動産㈱春日原店,春日市春日原北3-25-1F,092-591-8663
アパート・マンション,天神山テラス,春日市天神山1-55,092-575-2060
アパート・マンション,パラッシオ春日原東町管理事務室,春日市春日原東2-42,092-574-5733
アパート・マンション,ロフティ春日若葉台管理組合,春日市若葉台西3-3-1F,092-502-2455
アパート・マンション,アイランドコートリスタ太宰府管理室,太宰府市国分1-18-50,092-924-3053
アパート・マンション,ヴォルフスガルテン太宰府(管理組合法人),太宰府市観世音寺1-11-1-101,092-928-8690
アパート・マンション,友愛楽舎,太宰府市青山2-6-6,092-924-4809
アパート・マンション,ロフティ都府楼管理室,太宰府市坂本3-24-24,092-925-0410
アパート・マンション,十方ハイツ,糸島市南風台1-7-2,092-322-0312
アパート・マンション,ビレッジハウス前原,糸島市篠原西1-17-1,092-322-3383
アパート・マンション(学生),エス・ジェイ・エス㈲,福岡市博多区青木1-16-32-1F,092-624-8115
アパート・マンション(学生),カレッジコート北天神管理事務所,福岡市博多区築港本6-20,092-272-2340
アパート・マンション(学生),カレッジコート福岡学生寮事務局,福岡市博多区東光1-4-13-2F,0120-568858
アパート・マンション(学生),共立メンテナンス㈱福岡学生会館事務局,福岡市博多区博多駅前3-26-29-2F,092-474-0771
アパート・マンション(学生),コーティアス博多,福岡市博多区博多駅前3-15-15,092-474-1213
アパート・マンション(学生),自協学舎㈶九州寮,福岡市東区香椎駅東1-11-23,092-672-7637
アパート・マンション(学生),セトル名島,福岡市東区名島4-26-8,092-682-0577
アパート・マンション(学生),クローバーハウス,福岡市早良区西新5-13-27,092-845-0555
アパート・マンション(学生),童夢㈱,福岡市早良区西新5-13-28-1F,092-851-0555
アパート・マンション(学生),学生会館ゼファー,福岡市西区愛宕2-10-12,092-885-4800
アパート・マンション(学生),西部寮,福岡市西区小戸4-11-22,092-882-3163
アパート・マンション(学生),東建コーポレーション㈱福岡支店,福岡市西区上山門3-17-7,092-894-1500
アパート・マンション(学生),日本ハウス㈱福岡営業所,福岡市西区元浜1-29-3-1F,092-807-6622
アパート・マンション(学生),東建コーポレーション㈱東福岡支店,糟屋郡新宮町新宮東2-16-11,092-941-5200
アパート・マンション(学生),九州大家族CLUBセトル伊都,糸島市泊765,092-322-1700
雨衣,トキワ㈱,福岡市博多区博多駅南4-4-1,092-451-0121
雨衣,細井㈱,福岡市中央区那の津4-4-5,092-771-9518
雨衣,ロゴスコーポレーション㈱福岡支店,福岡市中央区大手門2-2-4,092-726-6920
雨衣,オカモト㈱産業用品部,福岡市南区向野1-13-9-2F,092-557-9855
雨衣,入部商店,福岡市早良区東入部8-8-2,092-804-6802
雨衣,山本洋傘店㈱雨具部,福岡市早良区昭代1-2-18,092-841-2222
雨衣,九州雨具,福岡市西区小戸3-2-3,092-881-2955
雨衣,冨士ビニール工業㈱,糟屋郡粕屋町仲原2925-1,092-611-6577
網・ネット,東京戸張㈱福岡営業所,福岡市中央区笹丘1-11-24-2F,092-722-2770
アルミ建材,A窓サッシ・ドアサッシサービスおたすけステーション365,福岡市東区松崎2-13-10,0077-7000
アルミ建材,A窓サッシ・ドアサッシサービスおたすけステーション365 博多区・中央区・南区・東区・早良区・西区・城南区・総合受付センター,福岡市東区松崎2-13-10,0120-008321
アルミ建材,A窓サッシ・ドアサッシサービスおたすけステーション365 福岡市博多区・福岡県庁前・博多駅前・福岡空港駅前・吉塚・受付センター,福岡市東区松崎2-13-10,0120-008415
アルミ建材,A窓サッシ・ドアサッシサービスおたすけステーション365 福岡市博多区・南福岡駅前・美野島・那珂・諸岡・月隈・受付センター,福岡市南区日佐4-30-15,0120-004857
アルミ建材,アルインコ㈱福岡事務所,福岡市博多区博多駅東2-13-34,092-451-0375
アルミ建材,上廣サッシ工業㈱,福岡市博多区井相田1-7-5,092-571-2724
アルミ建材,上廣トーヨー住器㈱,福岡市博多区井相田1-7-5,092-571-6471
アルミ建材,エヌシービジョン㈲九州支店,福岡市博多区住吉3-9-1-2-214,092-292-1084
アルミ建材,桑原硝子店㈲,福岡市博多区那珂1-41-17-1,092-431-0109
アルミ建材,建鋼社㈱福岡営業所,福岡市博多区那珂1-17-5,092-433-8022
アルミ建材,紅白アルミ㈱,福岡市博多区堅粕4-23-13,092-474-9800
アルミ建材,三協立山㈱三協アルミ社九州支店 一般のお客さま向け,福岡市博多区豊2-4-6,0120-113233
アルミ建材,三協立山㈱三協アルミ社九州支店 総務,福岡市博多区豊2-4-6,092-475-5311
アルミ建材,三協立山㈱三協アルミ社九州支店 住宅建材課,福岡市博多区豊2-4-6,092-475-5321
アルミ建材,三協立山㈱三協アルミ社九州支店 住宅特販課,福岡市博多区豊2-4-6,092-415-5327
アルミ建材,三協立山㈱三協アルミ社九州支店 エクステリア課,福岡市博多区豊2-4-6,092-475-5341
アルミ建材,三協立山㈱三協アルミ社九州支店 ビル建材課,福岡市博多区豊2-4-6,092-707-0006
アルミ建材,三協立山㈱三協アルミ社九州支店 設計課,福岡市博多区豊2-4-6,092-707-0008
アルミ建材,三協立山㈱三協アルミ社九州支店 施工管理課,福岡市博多区豊2-4-6,092-707-0009
アルミ建材,三協立山㈱三協アルミ社九州支店 ショールーム,福岡市博多区豊2-4-6,092-474-6924
アルミ建材,サンテック九州㈱,福岡市博多区豊2-4-6,092-437-5670
アルミ建材,鳥居金属興業㈱福岡営業所,福岡市博多区金の隈2-19-15,092-503-0855
アルミ建材,ニシキンテック㈱福岡営業所,福岡市博多区博多駅南3-5-18,092-482-0107
アルミ建材,日軽産業㈱西日本支店,福岡市博多区中呉服6-10-1F,092-282-7654
アルミ建材,博多トーヨー㈱,福岡市博多区那珂3-27-26,092-474-2921
アルミ建材,福岡トーヨー㈱,福岡市博多区東光寺1-5-6,092-260-9031
アルミ建材,不二サッシ九州㈱,福岡市博多区冷泉2-1-6F,092-291-1134
アルミ建材,みらいふ㈱博多本部事務所,福岡市博多区博多駅東1-12-17-2F-A,092-292-3007
アルミ建材,森硝子店㈱,福岡市博多区博多駅南3-18-4,092-431-7811
アルミ建材,安田㈱,福岡市博多区金の隈3-14-10,092-504-2031
アルミ建材,山伸アルミ㈲,福岡市博多区東那珂1-23-32,092-481-4380
アルミ建材,YKKAP㈱九州支社 ビル建材部,福岡市博多区博多駅中央街8-1-9F,092-436-4522
アルミ建材,YKKAP㈱九州支社 住宅建材部,福岡市博多区博多駅中央街8-1-9F,092-436-3511
アルミ建材,YKKAP㈱ビル第一事業部九州支店,福岡市博多区博多駅東2-13-34-9F,092-436-4521
アルミ建材,YKKAP㈱ショールーム福岡,福岡市博多区住吉1-2-25-3F,092-292-3452
アルミ建材,A窓サッシ・ドアサッシサービスおたすけステーション365,福岡市東区松崎2-13-10,0077-7000
アルミ建材,A窓サッシ・ドアサッシサービスおたすけステーション365 博多区・中央区・南区・東区・早良区・西区・城南区・総合受付センター,福岡市東区松崎2-13-10,0120-008321
アルミ建材,A窓サッシ・ドアサッシサービスおたすけステーション365 福岡市中央区・福岡市役所前・中央区役所前・荒戸・福浜・受付センター,福岡市南区日佐4-30-15,0120-004337
アルミ建材,A窓サッシ・ドアサッシサービスおたすけステーション365 福岡市中央区・薬院駅前・西鉄平尾駅前・小笹・六本松・受付センター,福岡市東区松崎2-13-10,0120-004766
アルミ建材,西日本総合リフレッシュ㈱,福岡市中央区天神3-10-1-6F,092-739-2171
アルミ建材,博多機工商会㈱,福岡市中央区港3-1-28,092-771-4007
アルミ建材,福岡鋼建㈱,福岡市中央区伊崎4-26,092-751-0351
アルミ建材,A窓サッシ・ドアサッシサービスおたすけステーション365,福岡市東区松崎2-13-10,0077-7000
アルミ建材,A窓サッシ・ドアサッシサービスおたすけステーション365 福岡市東区・志免町・粕屋町・宇美町・新宮町・篠栗町・須恵町・総合受付,福岡市東区松崎2-13-10,0120-006458
アルミ建材,A窓サッシ・ドアサッシサービスおたすけステーション365 福岡市東区・東区役所前・貝塚駅前・箱崎駅前・原田・馬出・受付センター,福岡市東区松崎2-13-10,0120-006527
アルミ建材,A窓サッシ・ドアサッシサービスおたすけステーション365 福岡市東区・香椎駅前・千早駅前・名島駅前・青葉・香椎台・受付センター,福岡市東区松崎2-13-10,0120-006712
アルミ建材,A窓サッシ・ドアサッシサービスおたすけステーション365 福岡市東区・福工大前駅前・九産大前駅前・三苫・美和台・受付センター,福岡市東区松崎2-13-10,0120-006861
アルミ建材,A窓サッシ・ドアサッシサービスおたすけステーション365 福岡市東区・箱崎駅前・香椎駅前・千早・青葉・和白・三苫・受付センター,福岡市東区松崎2-13-10,092-663-8282
アルミ建材,A窓サッシ・ドアサッシサービスおたすけステーション365 博多区・中央区・南区・東区・早良区・西区・城南区・総合受付センター,福岡市東区松崎2-13-10,0120-008321
アルミ建材,アサヒガラス㈲,福岡市東区土井3-2-21,092-691-0801
アルミ建材,イデム・ホリエ㈱BPサッシ部,糟屋郡粕屋町大隈1042-1,092-939-1711
アルミ建材,大木建材工業㈱,福岡市東区八田1-5-35,092-691-3334
アルミ建材,角谷金属工業㈱,福岡市東区松島1-8-20,092-621-0780
アルミ建材,かんぜん福岡㈱,福岡市東区二又瀬3-10,092-611-0296
アルミ建材,クリモト㈱福岡支店,福岡市東区松島3-8-13-B-2,092-629-4101
アルミ建材,三協テック㈱九州カンパニー福岡支店,福岡市東区原田1-43-41,092-611-9327
アルミ建材,寺岡オートドア㈱福岡支店,福岡市東区原田4-23-21,092-626-8877
アルミ建材,東福岡トーヨー住器㈱,福岡市東区原田1-42-35,092-622-0322
アルミ建材,豊和建興㈱福岡本社,福岡市東区松島1-15-1-1F,092-612-0202
アルミ建材,三松建材工業㈲,福岡市東区青葉7-60-2,092-691-4588
アルミ建材,A窓サッシ・ドアサッシサービスおたすけステーション365,福岡市南区日佐4-30-15,0077-7000
アルミ建材,A窓サッシ・ドアサッシサービスおたすけステーション365 福岡市南区・春日市・那珂川町・福岡地区南部・総合受付センター,福岡市南区日佐4-30-15,0120-005045
アルミ建材,A窓サッシ・ドアサッシサービスおたすけステーション365 福岡市南区・南区役所前・高宮駅前・大橋・大楠・野間・受付センター,福岡市南区日佐4-30-15,0120-005254
アルミ建材,A窓サッシ・ドアサッシサービスおたすけステーション365 福岡市南区・井尻駅前・老司・野多目・横手・三宅・弥永・受付センター,福岡市南区日佐4-30-15,0120-008045
アルミ建材,A窓サッシ・ドアサッシサービスおたすけステーション365 福岡市南区・長住・長丘・若久・柏原・桧原・花畑・平和・受付センター,福岡市南区日佐4-30-15,0120-008183
アルミ建材,A窓サッシ・ドアサッシサービスおたすけステーション365 福岡市南区・大橋駅前・高宮・井尻駅前・老司・長住・柏原・受付センター,福岡市南区日佐4-30-15,092-588-1450
アルミ建材,石野硝子㈲,福岡市南区花畑2-42-1,092-565-1177
アルミ建材,川﨑硝子店㈲,福岡市南区花畑3-42-1-202,092-565-0688
アルミ建材,三共機材㈱,福岡市南区日佐5-18-8,092-592-0887
アルミ建材,サンヨーアルミ建材,福岡市南区日佐3-19-6,092-572-8455
アルミ建材,西日本団地サービス㈱,福岡市城南区樋井川3-29-1,0120-080098
アルミ建材,ビニフレーム工業㈱福岡営業所,福岡市南区大橋1-20-19-7F,092-541-7771
アルミ建材,A窓サッシ・ドアサッシサービスおたすけステーション365,福岡市西区姪浜駅南1-6-9,0077-7000
アルミ建材,A窓サッシ・ドアサッシサービスおたすけステーション365 福岡市早良区・西区・城南区・糸島市・福岡地区・総合受付センター,福岡市西区姪浜駅南1-6-9,0120-001447
アルミ建材,A窓サッシ・ドアサッシサービスおたすけステーション365 福岡市早良区・早良区役所前・西新駅前・室見駅前・原・受付センター,福岡市西区姪浜駅南1-6-9,0120-001754
アルミ建材,A窓サッシ・ドアサッシサービスおたすけステーション365 福岡市早良区・野芥駅前・次郎丸駅前・飯倉・小田部・有田・受付センター,福岡市西区姪浜駅南1-6-9,0120-001904
アルミ建材,北﨑住器アルミサービス㈱,福岡市早良区内野820-1,092-804-0305
アルミ建材,高千穂サッシセンター,福岡市早良区梅林6-9-23,092-871-5876
アルミ建材,山下美装,福岡市早良区早良1-14-37,092-804-8459
アルミ建材,吉田泰蔵商店,福岡市早良区南庄2-13-8,092-821-3349
アルミ建材,A窓サッシ・ドアサッシサービスおたすけステーション365,福岡市西区姪浜駅南1-6-9,0077-7000
アルミ建材,A窓サッシ・ドアサッシサービスおたすけステーション365 福岡市早良区・西区・城南区・糸島市・福岡地区・総合受付センター,福岡市西区姪浜駅南1-6-9,0120-001447
アルミ建材,A窓サッシ・ドアサッシサービスおたすけステーション365 福岡市西区・西区役所前・橋本駅前・野方・愛宕・石丸・受付センター,福岡市西区姪浜駅南1-6-9,0120-003650
アルミ建材,A窓サッシ・ドアサッシサービスおたすけステーション365 福岡市西区・九大学研都市駅前・今宿・山門・生の松原・受付センター,福岡市西区姪浜駅南1-6-9,0120-003819
アルミ建材,A窓サッシ・ドアサッシサービスおたすけステーション365 福岡市西区・姪浜駅前・橋本駅前・野方・徳永・今宿・山門・受付センター,福岡市西区姪浜駅南1-6-9,092-892-9770
アルミ建材,サンクス㈱,福岡市西区今宿東3-39-7,092-806-8330
アルミ建材,ファミリーガラス店㈲,福岡市西区野方2-4-20,092-811-0335
アルミ建材,みらいふ㈱福岡西支店,福岡市西区戸切1-15-25,092-812-8710
アルミ建材,A窓サッシ・ドアサッシサービスおたすけステーション365,福岡市西区姪浜駅南1-6-9,0077-7000
アルミ建材,A窓サッシ・ドアサッシサービスおたすけステーション365 福岡市早良区・西区・城南区・糸島市・福岡地区・総合受付センター,福岡市西区姪浜駅南1-6-9,0120-001447
アルミ建材,A窓サッシ・ドアサッシサービスおたすけステーション365 福岡市城南区・城南区役所前・金山駅前・別府・長尾・田島・受付センター,福岡市西区姪浜駅南1-6-9,0120-003859
アルミ建材,A窓サッシ・ドアサッシサービスおたすけステーション365 福岡市城南区・福大前駅前・七隈駅前・片江・樋井川・梅林・受付センター,福岡市南区日佐4-30-15,0120-004998
アルミ建材,西日本団地サービス㈱,福岡市城南区樋井川3-29-1,0120-080098
アルミ建材,A窓サッシ・ドアサッシサービスおたすけステーション365,福岡市東区松崎2-13-10,0077-7000
アルミ建材,A窓サッシ・ドアサッシサービスおたすけステーション365 宗像市・古賀市・福津市・新宮町・久山町・総合受付センター,古賀市米多比1482-13,0120-007284
アルミ建材,A窓サッシ・ドアサッシサービスおたすけステーション365 古賀市・古賀市役所前・千鳥駅前・ししぶ駅前・小野・青柳・受付センター,福岡市東区松崎2-13-10,0120-007485
アルミ建材,A窓サッシ・ドアサッシサービスおたすけステーション365 古賀市・古賀駅前・千鳥駅前・ししぶ駅前・福津市・新宮町・受付センター,福岡市東区松崎2-13-10,092-946-9751
アルミ建材,協伸アルミ工業㈱,古賀市青柳262-1,092-943-5415
アルミ建材,創和㈱,古賀市青柳3272-28-1F,092-609-9577
アルミ建材,大商トーヨー住器㈱,古賀市新久保1-20-17,092-943-6117
アルミ建材,大商㈱福岡支店,古賀市青柳509-3,092-692-9371
アルミ建材,増本硝子古賀店,古賀市千鳥2-9-16,092-943-0004
アルミ建材,みらいふ㈱福岡東支店,古賀市糸ケ浦74-11,092-692-8410
アルミ建材,山下商事㈲,古賀市花見南3-8-15,092-941-1571
アルミ建材,A窓サッシ・ドアサッシサービスおたすけステーション365,福岡市東区松崎2-13-10,0077-7000
アルミ建材,A窓サッシ・ドアサッシサービスおたすけステーション365 福津市・福津市役所前・東福間駅前・福間・福間南・津屋崎・受付センター,古賀市米多比1482-13,0120-007523
アルミ建材,島田義之商店,福津市中央3-8-16,0940-42-0238
